Symbol	C-score	Rank_by_C-score	B-score	OMIM_gastritis	OMIM_GC	CIPHER_gastritis_rank	CIPHER_GC_rank
TP53	0.99	1	-0.17238764			66	28
UBC	0.62038961	2	0.29394192				
JUN	0.353246753	3	-0.090907438			943	365
PCNA	0.316980519	4	0.39977609				
FOS	0.293961039	5	-0.33314826				
KAT2B	0.288571429	6	0.19976024			661	624
BRCA1	0.281850649	7	0.8329751			242	9
EP300	0.280487013	8	0.45430917			601	496
SP1	0.235324675	9	0.1110272			189	20
MCM3	0.212987013	10	0.42837558			948	
HDAC1	0.205454545	11	0.63609925				
CDK2	0.196590909	12	0.49966892			918	209
CREBBP	0.187532468	13	0.77719785			499	508
ATM	0.186753247	14	0.99945022			157	18
MYC	0.182256494	15	0.42810648			849	307
TFDP1	0.180194805	16	0.33318523			184	244
MDM2	0.180194805	17	0.4996127			375	484
EIF4E	0.175584416	18	0.33302247				
PLK1	0.171428571	19	0.19980814				
SMAD2	0.163457792	20	0.63603648			969	749
KNTC1	0.153961039	21	0.19984809				
H2AFX	0.153944805	22	0.71378799				759
HDAC2	0.150925325	23	0.42828992				
CDKN1A	0.136818182	24	0.19988405			794	
BUB1	0.135714286	25	0.66626133				
AKT1	0.134285714	26	-0.19994003				
CHEK1	0.134285714	27	0.74945964			7	4
MAD2L1	0.128571429	28	0.33332218				
ERBB2	0.127727273	29	0.24966896		YES		
JUND	0.127727273	30	0.19986408				404
BIRC5	0.123116883	31	0.3330964				
CDC6	0.123116883	32	0.7495252				
CDC25C	0.121428571	33	0.99880126			10	8
SUMO1	0.121168831	34	4.99E-05				
CDKN2A	0.11788961	35	0.33291162				
CCNA2	0.114285714	36	0.74956892			22	5
CENPA	0.114285714	37	0.33322226				
CCNB1	0.114285714	38	0.71374724				620
RAD51	0.110714286	39	0.99934323			935	133
SIRT1	0.104772727	40	0.33311123			108	146
ESR1	0.102564935	41	-3.33E-05			188	101
RB1	0.09913961	42	9.99E-06				
PRKDC	0.095714286	43	0.19986804			2	31
MYB	0.094935065	44	-0.000149668				
AURKA	0.092857143	45	0.99750543			171	32
TFDP2	0.092288961	46	0.33321484				
CDC45	0.092288961	47	0.66631124				
SMAD4	0.088863636	48	0.84573031			631	126
DUSP6	0.088376623	49	-0.99780371			634	841
TAB2	0.088376623	50	-0.99641077				
RAF1	0.088376623	51	-4.99E-05			497	
SPAG9	0.088376623	52	-0.99780391			405	390
MAP2K4	0.088376623	53	-0.9993336				
RHOA	0.088376623	54	9.98E-05				
TOP2A	0.085714286	55	0.99885114			384	43
MTOR	0.085097403	56	-0.99760587				
AURKB	0.082142857	57	0.49945055				
ODC1	0.081818182	58	0.99760565				
MSX2	0.081818182	59	0.083277444				
MNDA	0.081818182	60	-0.99880068			200	288
PARP1	0.078587662	61	0.42825734			225	859
SUMO2	0.078587662	62	0.49969386				
CENPF	0.078571429	63	0.49982505				
RRM2	0.078571429	64	0.59948836			795	
CDC20	0.071737013	65	0.19977618				
TOPBP1	0.071428571	66	0.66633344			569	187
BUB1B	0.071428571	67	0.59965618				
SMAD3	0.068311688	68	0.49965642			348	239
EXO1	0.067857143	69	0.71400823				
MCM5	0.064285714	70	0.33297819				
ASF1B	0.061461039	71	0.99926714				
CDK4	0.061461039	72	0.99906737				906
E2F3	0.061461039	73	0.49961275				
ATF2	0.061461039	74	-0.3326674			669	84
UBE2C	0.060714286	75	0.99906751				
KIF23	0.060714286	76	0.99900099				
JUNB	0.058035714	77	-0.19980014			231	1
NEK2	0.057142857	78	0.33320006			607	918
RBBP4	0.05461039	79	0.71387774				704
FOSL1	0.05461039	80	0.49937561				
NFATC2	0.05461039	81	-0.33310009				
PGR	0.05461039	82	0.19968826				
FEN1	0.053571429	83	0.20011188				
CUL1	0.053571429	84	-0.49935069				
MND1	0.053571429	85	0.99964008				547
RACGAP1	0.053571429	86	0.99920055				
CREB1	0.051185065	87	-7.49E-05				
IRS2	0.051185065	88	-0.49963777				
CAV1	0.051185065	89	0.49922601				
NPM1	0.051185065	90	0.99813609			25	99
MNAT1	0.051185065	91	0.59939243			454	280
CSNK2A1	0.051185065	92	-0.000133225			635	800
CDK7	0.051185065	93	0.59939243				
MCM2	0.05	94	0.59960026				
RFC4	0.05	95	0.1998401				
RAC2	0.04775974	96	-0.49960024				
STAT3	0.04775974	97	-0.19992804			491	
POLA1	0.04775974	98	0.99561761			75	127
CRK	0.04775974	99	-0.99913405				
CRKL	0.04775974	100	-0.99886779				
ORC6	0.04775974	101	0.000149703				
ORC2	0.04775974	102	4.99E-05			625	
CCNH	0.04775974	103	0.33273412			789	566
MAP3K1	0.044334416	104	4.99E-05				
RAC3	0.044334416	105	-0.49955041				
TNF	0.044334416	106	1.66E-05				
FOSB	0.044334416	107	-0.33324445				937
NFATC4	0.044334416	108	-0.99933352				
DUSP22	0.044334416	109	-0.99820236				
DUSP9	0.044334416	110	-0.99840174				
ELK1	0.044334416	111	-0.99920049				
DUSP8	0.044334416	112	-0.99840174				
HSPA8	0.044334416	113	4.99E-05				
DUSP7	0.044334416	114	-0.99840174			953	
HSPA6	0.044334416	115	-0.99760433				
DUSP5	0.044334416	116	-0.99681078				
ORC3	0.044334416	117	9.98E-05				
ORC4	0.044334416	118	9.98E-05				
MECOM	0.044334416	119	-0.99660912				
ORC5	0.044334416	120	9.98E-05				
VCAM1	0.044334416	121	-0.33311132				
HSPA1L	0.044334416	122	-0.99720822				
IRS1	0.044334416	123	-0.59943247				
PTPRR	0.044334416	124	-0.99840174				
PRKCQ	0.044334416	125	-0.99720736				
RIPK2	0.044334416	126	-0.99660979				
PTPN7	0.044334416	127	0.000199805				
IRS4	0.044334416	128	-0.99890097				
DUSP3	0.044334416	129	-0.9980031				
TAB3	0.044334416	130	-0.99680822				
YAP1	0.044334416	131	-0.99780479				
MAPK8IP3	0.044334416	132	-0.99940023				
MAPK8IP2	0.044334416	133	-0.99959996			990	
MAPK8IP1	0.044334416	134	-0.99959992				
FOSL2	0.044334416	135	-0.000249823				
RAP1A	0.044334416	136	-0.99840252				
TRAF2	0.044334416	137	-0.99900083				
DUSP2	0.044334416	138	-0.99681047				
RAP1B	0.044334416	139	-0.99720655				
CARD9	0.044334416	140	-0.99840218				
MAP3K7	0.044334416	141	-0.99601363				
E2F2	0.044334416	142	0.99840238				
MAP2K7	0.044334416	143	-0.99860167				
PTPN5	0.044334416	144	-0.99840174			220	
MAP2K1	0.044334416	145	-0.99840244			734	
IRF8	0.044334416	146	-4.99E-05				
DUSP10	0.044334416	147	-0.99920038			796	846
DUSP1	0.044334416	148	-0.49957528				
TAB1	0.044334416	149	-0.99820252				
CD44	0.044334416	150	-0.99800481				
PIAS1	0.044334416	151	0.9985353			247	427
DUSP16	0.044334416	152	-0.99920031				
PIAS2	0.044334416	153	0.9979043				949
ARAF	0.044334416	154	-0.99880145				
HSPA2	0.044334416	155	-0.99700708				
HSPA1A	0.044334416	156	-0.99641539			902	
BRAF	0.044334416	157	-0.9970074				
DUSP4	0.044334416	158	-0.99920031				
TTK	0.042857143	159	0.59971212				
TK1	0.042857143	160	0.99950016			46	108
MAPK1	0.042857143	161	0.49958153			273	792
SMC2	0.042857143	162	0.49985002				
MCM4	0.042857143	163	0.49951294				
PRC1	0.042857143	164	0.33320005				
CDC25A	0.042857143	165	0.66608929			818	
FGF2	0.040909091	166	-0.99800452				
TAF7	0.040909091	167	0.99953337				
BANP	0.040909091	168	-0.085707593			153	271
IRF2	0.040909091	169	-0.99740628				
NOTCH1	0.040909091	170	0.99323971				
TGFBR2	0.040909091	171	-4.99E-05			282	148
IL4	0.040909091	172	-0.49951292	YES			
DAXX	0.040909091	173	0.039979841				
HDAC3	0.040909091	174	0.99870141				
HIST1H4L	0.040909091	175	0.000349334				
CDKN3	0.039285714	176	0.99906751				
NUSAP1	0.039285714	177	0.9992672				
PBK	0.039285714	178	0.49952538				473
SPAG5	0.039285714	179	0.99933378				
TPX2	0.039285714	180	0.99920066			773	434
CDCA5	0.039285714	181	0.99920063				
MELK	0.039285714	182	0.99920063				
NDC80	0.039285714	183	0.20006392				
TYMS	0.039285714	184	0.59978405				
ASPM	0.039285714	185	0.49981255				
CDCA8	0.039285714	186	0.49982505				
SPC25	0.039285714	187	0.49989998				
HMMR	0.039285714	188	0.9992006				
DLGAP5	0.039285714	189	0.99920065				
CEP55	0.039285714	190	0.99846863			576	612
NCAPG	0.039285714	191	0.20004793				
CENPU	0.039285714	192	0.49986251				
MRE11A	0.035714286	193	0.71404493				751
DDB1	0.035714286	194	-0.99800324				
RFC5	0.035714286	195	0.33288942				
BLM	0.035714286	196	0.9990507			259	40
TRIP13	0.035714286	197	0.99920063				
E2F1	0.035714286	198	0.33308899			226	25
MKI67	0.035714286	199	0.99900123				
ECT2	0.035714286	200	0.99920058			805	454
CCND1	0.032142857	201	0.19987206			74	58
CDT1	0.032142857	202	0.59946436				
KIF11	0.032142857	203	0.99920063				
SKP2	0.032142857	204	0.99807005				
MCM7	0.032142857	205	0.19988006				
BRCA2	0.032142857	206	0.99890105				805
CUL4A	0.032142857	207	-0.99840277			195	360
DTL	0.032142857	208	0.9988013				
RAD51AP1	0.032142857	209	0.99945025				550
CTNNB1	0.028571429	210	-0.14280004			493	811
UBE2T	0.028571429	211	0.99935038				
CCNE1	0.028571429	212	0.49948794				
OIP5	0.028571429	213	0.9990011				
YY1	0.028571429	214	0.71368202			104	16
CDKN1B	0.028571429	215	0.66598938				
NUF2	0.028571429	216	0.20008791				
E2F6	0.028571429	217	0.99974994			204	95
NCAPH	0.028571429	218	0.99890133				
CENPN	0.028571429	219	0.33339984				
CHEK2	0.028571429	220	0.9989509				232
XPA	0.028571429	221	0.0001499				
RPA3	0.028571429	222	0.4998875			33	109
RFC3	0.028571429	223	-5.00E-05				
KIAA0101	0.028571429	224	0.99906748				
RRM1	0.028571429	225	-0.33268962				
ABL1	0.028571429	226	0.59928862			622	357
PRIM1	0.025	227	0.33322226			620	768
KIF15	0.025	228	0.99940035				
PLK4	0.025	229	0.49989997				122
KPNA2	0.025	230	0.99873475			73	37
GMNN	0.025	231	0.99880137				
ATRIP	0.025	232	0.99870162			122	55
MCM6	0.025	233	9.99E-05				
RAD54L	0.021428571	234	0.99940033				393
TOP3A	0.021428571	235	0.99965004				
SRC	0.021428571	236	-0.33306689	YES		554	
ANAPC5	0.021428571	237	0.99900099				
PPP1CA	0.021428571	238	0.99840254			44	15
FANCI	0.021428571	239	0.99920066				
XRCC6	0.021428571	240	0.49946294			232	863
XPC	0.021428571	241	0.99860177				
TROAP	0.021428571	242	0.9986025				
KIF20A	0.021428571	243	0.99900113				
KIF2C	0.021428571	244	0.33320005				
CCNB2	0.021428571	245	0.99820318			679	740
IGF1	0.017857143	246	-0.42837155				
PSMD14	0.017857143	247	0.99541888				
HJURP	0.017857143	248	0.99910089				
RPA2	0.017857143	249	0.499875				568
WDHD1	0.017857143	250	0.599856				
COPS6	0.017857143	251	-0.99953332			504	
RBL2	0.017857143	252	0.99900092			940	358
RAD50	0.017857143	253	0.99952016				379
PSMA4	0.017857143	254	0.99561759				
FANCD2	0.017857143	255	0.99960008				
NGF	0.017857143	256	-0.14286937				
SOD2	0.017857143	257	-0.000149893			606	
KIF4A	0.017857143	258	0.99890132				
PSMA6	0.017857143	259	0.99561715				
CENPH	0.017857143	260	0.000599076				
ATR	0.017857143	261	0.9986015			356	13
CENPK	0.017857143	262	0.33331104				
ESPL1	0.017857143	263	0.99910084				
FBXO5	0.017857143	264	0.49980006				
RAD52	0.017857143	265	0.99946688				
LIG1	0.017857143	266	-3.99E-08				
SHCBP1	0.017857143	267	0.99890131				
CDCA3	0.014285714	268	0.99910093				
RELA	0.014285714	269	-0.14273479				
RBBP8	0.014285714	270	0.99926713				370
TOP1	0.014285714	271	-0.000149708			368	515
MSH2	0.014285714	272	0.59947236			878	359
HIF1A	0.014285714	273	-0.19987213			306	555
LMNB1	0.014285714	274	0.99850206				
ANAPC13	0.014285714	275	0.9993005				
CDCA7	0.014285714	276	0.99926714				
WRN	0.014285714	277	0.59951223			386	718
FANCA	0.014285714	278	0.99840239				
RARA	0.014285714	279	0.33282285				
POLE2	0.014285714	280	0.000499266				
FANCC	0.014285714	281	0.99880145				
RANBP2	0.014285714	282	0.33277837				
CDCA2	0.014285714	283	0.99920071				
CKS2	0.014285714	284	0.99910084				
MSH6	0.014285714	285	0.99885109			376	189
RBX1	0.014285714	286	0.99581798				
CENPE	0.014285714	287	0.33317785				
YWHAZ	0.014285714	288	-0.49943813				
MAPK14	0.014285714	289	0.33292257				
DEPDC1B	0.014285714	290	0.99920064				
VHL	0.014285714	291	0.99740555				
CDKN1C	0.014285714	292	-1.39E-05				
ZWINT	0.014285714	293	0.000249783				
MYBL2	0.014285714	294	0.99840267				
SGOL1	0.014285714	295	0.33326662				
SKP1	0.014285714	296	0.022202767				
COPS5	0.014285714	297	-0.49947557			5	10
GINS2	0.014285714	298	0.99890133				
PPP1CC	0.010714286	299	0.000149663				
MAX	0.010714286	300	0.99502402			281	14
CUL3	0.010714286	301	0.9968088				371
FOXM1	0.010714286	302	0.49942549				
ANAPC4	0.010714286	303	0.99906745				
SKA3	0.010714286	304	0.99890127				
ANAPC2	0.010714286	305	0.99906745				
FAM175A	0.010714286	306	0.99940029				
FANCG	0.010714286	307	0.9987018				
FANCF	0.010714286	308	0.9991008				
FANCL	0.010714286	309	0.99910077				
FANCE	0.010714286	310	0.9991008				
ANAPC1	0.010714286	311	0.99930039				
CDC26	0.010714286	312	0.99906745				
CKAP2	0.010714286	313	0.99880151				
RBL1	0.010714286	314	0.99893449			695	269
MDC1	0.010714286	315	0.99770463			176	6
CDC16	0.010714286	316	0.99925045				
CDK6	0.010714286	317	0.99641246				898
KIF18A	0.010714286	318	0.33324445			293	218
ATAD2	0.010714286	319	0.99913403				
UIMC1	0.010714286	320	0.99933369				
CDC23	0.010714286	321	0.99900089				
PIK3R1	0.010714286	322	-0.49972512			26	418
CEBPB	0.010714286	323	0.33318895			346	313
ANAPC10	0.010714286	324	0.99906745				746
CASC5	0.010714286	325	0.000399461			422	216
SMC4	0.010714286	326	0.99900108				
NCOR1	0.010714286	327	-8.33E-05				
PTTG1	0.010714286	328	0.99750532			48	117
ANAPC7	0.010714286	329	0.99906748				
NCAPG2	0.010714286	330	0.99890128				
ANAPC11	0.010714286	331	0.99900089				
UBE2I	0.010714286	332	0.000299311			341	194
ANLN	0.010714286	333	0.99920075				
E2F4	0.010714286	334	0.99860192				669
CKAP2L	0.007142857	335	0.99930047				
PTGS2	0.007142857	336	-9.99E-05			118	236
BAX	0.007142857	337	-9.99E-05				
TRIM28	0.007142857	338	0.33282285				
PSMC2	0.007142857	339	-0.000199611				
FZR1	0.007142857	340	0.99790389			573	353
RAD1	0.007142857	341	0.99969994				
POLD3	0.007142857	342	-0.33293348				
CCR5	0.007142857	343	-0.99880156				
CLK1	0.007142857	344	0.99880214				
RAD17	0.007142857	345	0.33320002				
SMC1A	0.007142857	346	0.49978754			633	138
BACH1	0.007142857	347	0.99959994				191
CCNE2	0.007142857	348	0.99482555				
ZWILCH	0.007142857	349	0.000549174				
PPP1CB	0.007142857	350	0.032230598			436	660
ARHGAP11A	0.007142857	351	0.99900158				
SNRPG	0.007142857	352	9.99E-05				
RAC1	0.007142857	353	-0.49936326				
ANAPC16	0.007142857	354	0.99920086				
CHUK	0.007142857	355	0.99760475			712	
DNA2	0.007142857	356	0.33346652				
DNMT1	0.007142857	357	0.4993631				
PMAIP1	0.007142857	358	0.3327561				
SYK	0.007142857	359	-0.42836335				
RAD9A	0.007142857	360	0.99810283				
RAE1	0.007142857	361	-0.33297791				
PAXIP1	0.007142857	362	0.99900124				
TCEB1	0.007142857	363	-2.50E-08				
NOS3	0.007142857	364	-5.00E-05				
TIPIN	0.007142857	365	0.38448878				
NFKBIA	0.007142857	366	0.33240166			735	855
FASLG	0.007142857	367	-0.19996002				
ELAVL1	0.007142857	368	-2.50E-05			223	732
MMP1	0.007142857	369	-0.33302269				
RASSF1	0.007142857	370	0.49937554				
FOXO4	0.007142857	371	-0.19976017				647
ESR2	0.007142857	372	9.99E-05			457	299
EZH2	0.007142857	373	0.33266762				
MCPH1	0.007142857	374	0.99960003				
FKBP1A	0.007142857	375	-0.99820274				
TP53BP1	0.007142857	376	0.99910059			9	12
FOXO1	0.007142857	377	-0.19976822				
MAPK12	0.007142857	378	0.49932566				
YWHAH	0.007142857	379	0.000249563				
YWHAG	0.007142857	380	-2.99E-08				
RECQL	0.007142857	381	0.9995999			13	36
GTF2H1	0.007142857	382	-0.000299496				
DBF4	0.007142857	383	0.33335544				
HELLS	0.007142857	384	0.000399341				
HRAS	0.007142857	385	-0.19995203			862	
RFC2	0.007142857	386	-0.99820324				
IRF1	0.007142857	387	-0.99621516		YES		
HUS1	0.007142857	388	0.99900089				
IL10	0.007142857	389	-0.19975221				
IGF1R	0.007142857	390	-0.00013323				
PLAU	0.007142857	391	-0.33304475				
BCL6	0.003571429	392	0.99833577				
DCLRE1A	0.003571429	393	0.99979976			746	
CDK3	0.003571429	394	0.99720758				
CDK5	0.003571429	395	0.99502208				
CDKN2B	0.003571429	396	0.99920051				
UBE2S	0.003571429	397	0.99840317				
PSMC3IP	0.003571429	398	0.99973329				
CKS1B	0.003571429	399	0.99890116				723
CDC25B	0.003571429	400	0.99740748				
CHAF1A	0.003571429	401	-9.98E-05				
CHAF1B	0.003571429	402	0.99601475				
KIF14	0.003571429	403	0.99930044				
PLK2	0.003571429	404	-0.99760322				775
CLSPN	0.003571429	405	0.99890123				145
TIRAP	0.003571429	406	-0.9986016				
LRR1	0.003571429	407	0.24990939				
SMC6	0.003571429	408	0.99959992				
BRIP1	0.003571429	409	0.99979988				
CUL7	0.003571429	410	0.99641105				
ICK	0.003571429	411	0.000149838				
COPS3	0.003571429	412	-0.99926695			205	630
DEPDC1	0.003571429	413	0.99930055				
BRCC3	0.003571429	414	0.99820421				161
NCAPD2	0.003571429	415	0.99910079				
NELFB	0.003571429	416	0.33324442				83
COPS7B	0.003571429	417	-0.99993318				
COPS7A	0.003571429	418	-0.99979977			88	135
COPS4	0.003571429	419	-0.99959983			115	149
CSN1S1	0.003571429	420	0.99826892				
DSCC1	0.003571429	421	0.99860303				
ANAPC15	0.003571429	422	0.99959998				
NEIL3	0.003571429	423	0.99900102				
FAM83D	0.003571429	424	0.99940027				
SMC3	0.003571429	425	0.99900086				
MLST8	0.003571429	426	0.083273625				
CSTF1	0.003571429	427	0.99820337				
CSTF2	0.003571429	428	0.99840279				
CTBP1	0.003571429	429	0.99800407				644
BABAM1	0.003571429	430	0.99979968				
CUL2	0.003571429	431	-0.034491081				
RFWD3	0.003571429	432	0.99660939				
CUL4B	0.003571429	433	0.076884034			681	
CXCR4	0.003571429	434	-0.99601917				
SPDL1	0.003571429	435	0.00029961				
OBFC1	0.003571429	436	0.99880172				
DAD1	0.003571429	437	-0.99920024			63	238
CASP3	0.003571429	438	-0.19993605				
DDB2	0.003571429	439	-0.15788199				
BID	0.003571429	440	-0.000399316				
CAMK2G	0.003571429	441	0.071394903				
RMI2	0.003571429	442	0.99969994				
CEP164	0.003571429	443	0.33335545				
NUP37	0.003571429	444	0.000149753				981
RPTOR	0.003571429	445	0.076869834				
COPS2	0.003571429	446	-0.99893456			390	776
RPL11	0.003571429	447	0.99760474				
CAMK2D	0.003571429	448	-0.034490843				
CAMK2B	0.003571429	449	0.030283932				
CAMK2A	0.003571429	450	0.12495782				
KNSTRN	0.003571429	451	0.9994003				
SGOL2	0.003571429	452	0.000299546				
POLD4	0.003571429	453	-0.99850148				
HUWE1	0.003571429	454	-0.000249573				
EGF	0.003571429	455	-0.49946313				
EGFR	0.003571429	456	-0.19996003				
ERCC1	0.003571429	457	-0.99720633				
FBXO11	0.003571429	458	-0.2726821				
ERCC2	0.003571429	459	-0.000199671				
ERCC3	0.003571429	460	-0.000199661				
F2RL1	0.003571429	461	-0.99926728				
FANCB	0.003571429	462	0.99910077				
FIGNL1	0.003571429	463	0.99880142			840	
ANP32A	0.003571429	464	0.33304454				
AICDA	0.003571429	465	0.17235316				
FLNA	0.003571429	466	-0.99641186				
ZBTB16	0.003571429	467	0.99900077				
AKT2	0.003571429	468	0.33264521				
AKT3	0.003571429	469	-0.000249643				
YWHAQ	0.003571429	470	0.000149678				
GAA	0.003571429	471	0.99900108				
GTF2F1	0.003571429	472	0.33317781				
YWHAE	0.003571429	473	0.000299341				
YWHAB	0.003571429	474	0.000249483				
XRCC1	0.003571429	475	-1.25E-08				786
GTF2H3	0.003571429	476	0.000149833				
HLA-DRB1	0.003571429	477	-0.28565358				
HLA-DRB5	0.003571429	478	-0.30426769				
HMOX1	0.003571429	479	-0.99581477				
VEGFA	0.003571429	480	-9.99E-05				
HSPA4	0.003571429	481	-9.99E-05				
UCHL3	0.003571429	482	0.047560106			264	517
ICAM1	0.003571429	483	-0.49961289				
UBE2M	0.003571429	484	-0.000149853				
INPP5B	0.003571429	485	-0.33337768				
UBE2L3	0.003571429	486	0.99760591				654
IRF3	0.003571429	487	0.33282275				
UBE2E1	0.003571429	488	0.99840239				
UBE2D1	0.003571429	489	-9.99E-05				
UBA3	0.003571429	490	0.99760427			458	512
ITGB3BP	0.003571429	491	0.46645784				
KIFC1	0.003571429	492	0.99930041				
KIF22	0.003571429	493	0.99880151				
SMAD7	0.003571429	494	-9.98E-05			636	605
MAPK11	0.003571429	495	0.33298912				
MAPK13	0.003571429	496	0.49938805				151
TP73	0.003571429	497	-3.49E-08			623	
MAPK3	0.003571429	498	-2.50E-05				
MDM4	0.003571429	499	-0.000249538			65	23
ARRB2	0.003571429	500	-0.027034915				
TOP3B	0.003571429	501	0.99959982				
MLH1	0.003571429	502	0.99880121		YES		692
TOP2B	0.003571429	503	0.49951284			71	74
MLH3	0.003571429	504	0.99969996				
KIF20B	0.003571429	505	0.99880178				
MSH4	0.003571429	506	0.99979992				
NFAT5	0.003571429	507	0.000199715				
TMEFF2	0.003571429	508	0.99920012				
NFATC1	0.003571429	509	-5.00E-05			979	
TGM2	0.003571429	510	-9.98E-05				
NGFR	0.003571429	511	-1.25E-08				
NME1	0.003571429	512	7.49E-05				
NR3C1	0.003571429	513	-0.99740637			234	687
TEX15	0.003571429	514	0.99979986				
TERF2	0.003571429	515	0.99873461				
NUP98	0.003571429	516	0.000299645				
ORC1	0.003571429	517	0.000199621				
PIK3R2	0.003571429	518	-0.49965023			257	854
TACC3	0.003571429	519	0.99870166				
BUB3	0.003571429	520	9.99E-05				
PIK3R3	0.003571429	521	-0.33313349			324	861
PIN1	0.003571429	522	-0.000199576				
AXIN1	0.003571429	523	-0.33295603				
DCLRE1C	0.003571429	524	0.99880164				
PNKP	0.003571429	525	0.00029974				
RNF8	0.003571429	526	0.99946684				
STK11	0.003571429	527	0.19971226			323	165
POLB	0.003571429	528	-0.33320009			535	
STAT1	0.003571429	529	0.99680883				956
SSRP1	0.003571429	530	-0.33282268			510	298
POLE	0.003571429	531	0.000399461			359	507
SPO11	0.003571429	532	0.99986653				
SPI1	0.003571429	533	0.99661071				
SP100	0.003571429	534	-0.99740525				
RNF4	0.003571429	535	0.99890093				
SORT1	0.003571429	536	-2.99E-08				
POLR2A	0.003571429	537	0.000174838				
POU2F1	0.003571429	538	0.99890108				
PPARG	0.003571429	539	0.24980011				
SUMO3	0.003571429	540	-4.99E-05				
PPM1D	0.003571429	541	0.99660973				
PSMA2	0.003571429	542	0.33277843				
SMARCA4	0.003571429	543	0.6661226			110	27
BRE	0.003571429	544	0.99800497				
PSMC6	0.003571429	545	0.99561803				
PSMD12	0.003571429	546	0.99561715				
PSMD6	0.003571429	547	0.99561759				
RAD51C	0.003571429	548	0.9996001				
BCL2	0.003571429	549	-0.33282299				
SRSF1	0.003571429	550	-0.000149773				
SFN	0.003571429	551	0.9956167				
SET	0.003571429	552	-0.33315561				
IFNGR1				YES			
PTPRZ1				YES			
IV				YES			
ITGA5				YES			
PTK2				YES		190	424
FUT3				YES			
PSCA				YES	YES		
ABO				YES			
ADIPOQ				YES			
CD36				YES			
MUTYH					YES		
CASP10					YES		
PIK3CA					YES	945	812
BRD4					YES		
APC					YES		
KLF6					YES	84	124
FGFR2					YES		
KRAS					YES		
SSB					YES	429	
HTRA1					YES		
CYP2E1					YES		
IL1B					YES		
CDH1					YES	654	
MUC6					YES		
BARD1						1	2
RPA1						3	22
EIF2AK2						4	77
IL18R1						6	91
WWOX						8	39
YBX1						11	34
PTP4A1						12	53
HELB						14	51
MAD2L1BP						17	56
MTA1						18	33
RPA4						19	67
NEDD8						20	48
ZNF148						21	45
LY6G5B						23	11
BOK						24	125
ING1						27	42
DDX5						29	294
SMARCB1						30	66
IL1RAP						31	349
INPP4A						34	132
CD79B						35	758
IFI16						38	7
APEX1						40	381
ZNF24						42	94
MAPK8						43	502
PML						45	41
MME						47	420
MCL1						49	181
STK4						50	89
HMGB2						53	348
PLK3						54	17
WDR33						56	73
GPS1						59	110
ING5						60	112
TADA3						62	85
AP2B1						67	21
ING4						68	93
PLAGL1						69	102
IL1RN						70	402
ERH						76	116
MAPK10						77	115
CCDC106						78	180
GPS2						79	100
S100A8						81	134
EGR1						82	211
TOPORS						85	143
PTPRH						86	565
SLC13A5						87	3
PIN4						89	
PPP1R13L						90	119
TFAP2C						91	144
SMARCE1						95	387
COPS8						96	137
CCL18						97	128
ERAS						98	703
RFWD2						101	113
MAPK9						106	242
PTTG2						107	195
SAE1						109	171
COX17						111	150
GSTM4						112	129
COL4A2						113	
ELL						114	166
C1D						116	369
ZNF384						117	182
CSNK1A1						119	627
FAM173A						121	241
NUP85						123	495
FCGR2A						125	
CSNK1E						126	215
TRAT1						127	896
IL1R1						128	514
POLR2M						129	286
PRCC						132	52
KPNB1						134	384
PPP2CA						135	193
RRM2B						136	233
GNL3						137	210
ZCCHC10						138	228
CUL9						140	172
PHB						141	254
CD7						142	794
MED17						143	263
CR2						144	257
NQO1						145	237
CHD3						146	283
HABP4						147	259
KLF4						148	311
TAF9						149	154
GATA2						150	378
CEBPZ						151	256
PRKRA						154	287
SNRPN						155	247
IL1F10						158	596
KIAA0087						159	260
ERBB2IP						160	444
SETD7						161	285
SECTM1						162	836
THAP8						164	253
SSTR3						165	273
TAF9B						169	265
VRK1						170	266
TRRAP						172	130
MEP1B						173	
CDC14C						177	274
CARM1						178	276
COL4A4						185	
PRKRAP1						186	304
CABLES1						191	240
UBE2K						192	401
DDX54						193	186
AKAP8						196	212
PIK3CB						198	
TYRO3						199	939
SULT1E1						201	284
TP53INP1						202	300
EP400						206	174
NUP50						208	513
CHRM3						209	
TEP1						211	429
PAFAH1B3						212	395
HSPA9						213	606
COL4A3						214	
HSP90AB1						215	486
SOCS7						216	
F11R						217	419
STX5						218	366
ASAP1						219	963
CABLES2						222	306
TSG101						224	440
MAPK15						228	
TLK1						229	59
PCDHA4						230	362
VSIG4						233	35
NUP43						235	649
NAV2						236	494
SCAMP1						237	524
PHC1						238	170
TFAP2A						239	386
CD59						240	459
RPL5						241	722
MAD2L2						243	75
WEE1						244	264
TP53RK						245	417
AP2S1						246	347
IREB2						248	497
PRMT1						249	586
VANGL1						250	757
CDK9						251	184
BRF1						252	383
MED30						253	499
ANP32C						254	972
HSP90AA2						255	881
SP3						256	449
GPR183						258	498
MTA2						260	394
PTRF						261	504
SELENBP1						262	671
CAPN9						263	86
RAB4A						265	
SENP8						266	520
PTPRE						267	
APOM						270	511
LUC7L						272	167
ITK						274	445
NCBP2						275	183
RCC1						276	808
DDX17						277	830
THAP1						278	545
RYBP						279	38
CSRNP2						284	217
ZDBF2						286	531
TMEM8A						287	528
PPP1R10						290	219
ZNF174						298	561
TERT						299	712
NIN						301	437
PTTG1IP						302	571
MAP3K7CL						303	548
ADPGK						305	552
PCDHA6						307	451
BMX						309	
RBM23						310	415
KHDRBS2						312	670
WDR62						313	618
DHODH						314	574
CSNK2B						317	289
S100A9						318	591
NFATC3						319	
PSMD11						320	408
EPS15L1						325	698
AGAP2						326	
NCL						327	522
TGFBI						328	
HTT						329	
SIPA1						330	590
CUL5						331	500
KATNAL1						333	598
EAF2						334	603
EAF1						335	604
RCBTB2						336	601
CHFR						337	164
UBR5						338	599
USP49						339	615
REPS1						340	819
SMARCA5						342	798
TCEA2						343	849
CHKA						344	869
STAC3						345	611
KPNA3						347	
MED16						349	626
CLINT1						350	650
C14orf166						351	463
PPP1R8						352	853
EPN1						354	736
PLCB4						355	628
ADAM12						357	
TRIM69						358	173
BRSK1						360	693
PPP2R2A						361	372
BHLHE40						362	829
SMARCA2						364	640
BRWD1						366	213
DCC						367	399
ARIH2						369	461
ZHX1						370	546
E4F1						371	480
CD79A						372	
ADAP1						374	
CTDP1						378	293
MAGEB18						379	556
RBMS1						381	600
CALD1						383	
STK19						385	617
DTX3						388	595
TAF1A						392	464
GGA1						393	645
ELL2						394	689
PTPN2						395	
CAMKV						397	920
EGLN1						399	856
TUSC3						400	200
KANK1						401	199
RNMT						402	373
MAD1L1						404	476
MED1						408	764
NOM1						411	221
PPP1R2P9						412	223
PPP1R3B						413	220
CCDC181						414	224
TPRN						415	225
PPP1R15B						416	226
PCDH7						417	222
PPP1R11						418	227
PLCL2						420	214
SUPT16H						421	291
GMFB						424	691
GTF2A2						425	479
DDIT3						426	391
CDKN2C						427	655
TNC						428	
TAF6						433	452
PCGF1						434	
PIAS4						435	769
C1orf35						440	623
TP53BP2						441	867
IFIT3						442	
POLD1						443	262
NXF2B						445	680
AK8						447	
IFIT2						448	
TGFBRAP1						449	103
STRBP						452	
DHX58						455	405
MEA1						456	406
HERC5						459	169
FOXO3						460	30
XBP1						462	665
TAF1B						463	422
STRAP						464	430
PPARA						466	893
RUFY1						467	
NAB1						468	891
NAB2						469	889
MCMBP						470	416
CPNE7						471	
PTPRA						474	
PRKD3						475	773
GORASP1						476	456
ELK3						480	657
IL18BP						481	388
ZSCAN32						482	785
CCNG1						484	594
HIPK1						485	543
H1F0						486	934
HNF4A						487	753
HNRNPD						488	
DBNDD2						489	
NXT2						490	709
GRIN2A						492	
PDZK1IP1						494	
PRAME						495	725
SLC29A1						496	724
A2M						500	
TOB1						501	29
STMN2						502	729
GSK3B						503	
SRSF9						505	
RNF135						508	
LAX1						509	
CEBPG						512	516
NUP62						513	
IL18RAP						515	
LIME1						516	
DTX1						517	658
DVL2						519	
RNGTT						520	446
INSM1						521	809
TAF1C						522	468
TSLP						523	
SULT2B1						525	779
BRD2						527	168
BAK1P1						529	688
XPNPEP3						531	796
NMT1						532	
NEURL1						533	
RCHY1						534	864
PKN2						536	774
HIST2H4A						537	
HSPA1B						538	721
C10orf54						539	478
PLAG1						540	460
CBLC						542	
FCGR2C						543	
STK3						544	610
BCL2L2						545	844
ILF2						546	
MYO5B						548	705
BCL2A1						549	
RHOU						550	971
MAP7						552	
MLLT1						553	797
FAM46C						555	564
NME2						556	
USP14						557	389
SP4						558	87
RPRD1B						560	455
NUP93						561	
NUPL1						562	
MNT						566	567
DUSP19						567	641
ATF7						568	367
SP2						570	190
ZNF451						572	931
GOLGA2						575	892
SYT9						577	
STMN1						578	
SH2D2A						579	
CEACAM3						580	
BTBD2						581	714
IL21						582	
SF3B2						583	448
SLC9A7						584	
RPS6KA4						585	
CDS2						586	
EFS						588	
ALS2CR12						589	882
TRDMT1						590	
TAF1D						591	
MICAL1						592	
RGS16						593	
PHB2						594	527
TSPAN6						595	839
FBP2						596	838
CFDP1						598	544
TAC1						599	
UBB						602	481
CDK1						604	835
TCF20						605	363
HTATSF1						608	438
SLC30A9						609	831
TRPV4						611	
SOCS1						612	
SNIP1						613	243
SAV1						614	675
LATS2						616	673
ATF7IP2						617	350
SKAP2						619	
FARP2						626	
ARID1A						627	318
GTF3C4						628	
ATP6V1G1						629	439
SCFD1						630	950
ARNT						632	873
CD40LG						637	
PIK3R4						638	396
ZNF594						639	967
RASD2						640	46
SOS2						641	
PRUNE						642	
COL4A1						644	
UBE2E2						645	465
CSNK1A1L						646	
CALCOCO2						647	
BRDT						648	
SCAMP5						649	
ZEB1						650	474
CSPG4						653	
ARF1						657	927
DLEU1						658	880
SAFB2						660	559
POLL						662	426
SNX6						664	
TTF1						665	346
TSC22D3						666	870
SERPINB9						667	872
PPP1R26						668	411
SLC27A6						670	
GMPPB						671	894
RRAGD						672	909
SMNDC1						674	
NFYC						675	409
BET1						676	
STAT5A						677	695
TSSK1A						678	92
GTF3C5						680	857
ECD						682	752
SNAP91						683	
PRKRIP1						684	
LAMB1						685	
MRPL20						686	
DHPS						687	843
CSH2						688	44
TRPC6						689	
POLI						690	
NEK11						691	
AHRR						693	916
SIM1						694	915
EIF5						696	887
TMED1						697	485
IL37						698	488
SAP130						699	489
ZNF329						700	490
JPH3						701	491
ZDHHC4						702	487
ARHGEF1						703	885
HMGXB4						704	
FRAT1						706	975
DYNC1LI1						707	
BCAS2						709	523
TGFBR1						710	414
UBE2D2						713	
ZNF398						714	579
LINC00312						716	577
POU4F2						717	576
RFX4						719	584
REXO4						720	580
TRIM59						721	582
NCOA7						723	581
CHMP1A						724	765
MIS18BP1						726	229
POGZ						727	230
HEXIM1						728	475
CTDSPL						730	563
ZMYM6						731	562
SOX4						732	651
C8A						733	903
DMTF1						736	608
C18orf25						737	739
SIAH2						738	
PAFAH1B2						739	
CHMP7						740	
MAP4K1						741	
KCNK1						742	745
NUDCD3						743	744
STRA13						744	743
TRIB3						745	
SATB2						747	
DCAKD						748	
CDK11A						750	
PTMA						752	
SORBS2						753	781
UBE2R2						755	696
YLPM1						756	462
GRB2						757	
RAB34						758	26
PTCD1						759	525
PRKCD						761	
MAPK1IP1L						762	944
SHMT1						763	
NOLC1						765	790
GSC						766	629
POLR3C						767	
TRMT112						768	948
SF3A1						769	619
QTRT1						770	
TFB2M						771	913
PPP2R5C						772	
VPS37C						774	
C11orf58						775	
FN1						781	
REPS2						782	
CKAP5						783	443
TBXA2R						785	
UNK						788	943
AKAP13						791	877
EIF5A2						792	905
VPS37A						793	
NAA15						797	
MPHOSPH6						798	
ZC3H10						799	
CD3EAP						800	
SUPT5H						801	720
DROSHA						802	519
CCNA1						803	305
AGER						804	234
GIT2						807	
AP1B1						808	
UNKL						809	622
CD3E						810	
EIF4EBP1						811	802
USP7						813	832
ZMYM2						814	47
NPDC1						815	492
LAMA4						816	957
NIT1						817	
FSTL3						820	442
HIST1H1A						822	
ANKRD11						823	
GABRB3						825	
ZNF8						827	54
DET1						828	
ARHGEF7						829	973
RSL24D1						830	914
CSRP2BP						832	
FAM203A						833	
GRB7						834	
NECAP2						835	
RANGAP1						837	815
S100A2						838	656
EID2						839	50
VPS36						841	
ADD2						842	
CASP5						843	62
DFFA						844	851
C1orf174						845	
RBM14						846	
PIK3C2B						847	
CRELD1						848	
AGPAT4						850	661
VPS37B						853	
ATF3						854	
ATP6V0A1						855	
KHDRBS3						856	
XK						857	
MYCL						859	64
FXR1						860	
DPPA2						861	
CEP44						863	
TPRKB						864	
KDM2A						866	702
MBIP						868	
ARID3A						869	
CDC37L1						870	
EIF2AK1						871	646
TTC4						872	910
RNF111						873	597
MYCLP1						874	68
RIT1						875	795
MED25						876	
POU4F1						877	966
IMPDH2						880	
FST						881	
SIN3A						883	933
LCK						884	
SLC18A2						885	
TDGF1						886	
MAP3K11						887	
PPM1J						888	
FCGR1A						889	
AURKAIP1						890	609
RIN1						891	
RPS6KB1						892	713
EEF1A1						893	81
KLF10						894	466
APOBEC1						896	828
DOCK1						897	
SYP						898	
GRB10						899	
SORBS3						901	
NAP1L4						903	961
GRM1						904	
AKAP12						905	
NUP214						907	72
PRKD1						908	
CCNDBP1						911	788
INHBE						912	
PAK1						913	735
TBL1XR1						915	
TGIF2						916	457
SUMO1P3						917	847
PARP3						920	
PRDM4						921	662
STRN						922	
PLXNA1						924	747
HAND1						925	
MTF2						926	663
ST6GALNAC2						927	664
TRAF4						928	883
SPPL2B						929	
VAV1						932	
PCDH1						934	708
IFITM1						936	
CREB5						938	469
TNIP1						939	
CDK17						941	730
MYCBP						942	958
SNX1						944	
RHOG						946	76
PTBP1						947	
DMAP1						949	
MBD1						950	837
HMGA2						951	
TMLHE						955	
FXYD6						957	
VHLL						958	
SSX4B						959	
SFPQ						960	
EGLN2						961	
CIDEB						962	822
HMGB1						963	
RPS3A						965	
ETF1						968	
SAT1						970	
GSTP1						971	
ANXA3						972	
DAB2						973	
EBI3						974	825
C9						975	
ACLY						976	
GADD45GIP1						977	
TSR2						978	
EEF2K						981	
GALNT6						982	
LRG1						983	
POLR2H						984	
ADAMTS4						985	
KLF1						986	
ELMO3						987	
ZNF567						991	921
CNKSR1						992	79
OSR1						993	900
KCNK18						994	899
SNRNP70						995	356
CD99						996	
RB1CC1						997	
ZNF334						999	935
LY6G6F						1000	
STK11IP							69
ARL5A							71
DMC1							80
UHRF2							90
ZNF423							98
PSG9							107
CDS1							118
NEK6							136
EIF2AK4							140
DCP1A							141
NELFCD							142
RAD51B							152
NUFIP1							153
BAP1							155
DDX39A							156
MRPL36							159
POLR2K							163
ZNF350							175
ANTXR1							178
ARL5B							192
NAT8							201
CSH1							202
NAT8B							204
FBXO34							208
STUB1							246
XPO5							249
RAB2B							267
ZNF521							268
MED15							297
HMG20A							302
RPL28							303
ARFRP1							308
FOXG1							310
TREX1							312
RAB38							314
RTDR1							315
RFX1							316
DNAJB2							319
TM9SF2							322
RMND5B							324
DCP1B							325
MEX3B							327
TSSK3							329
HDGF							332
DLX1							335
PSG2							336
TENM3							337
TCTA							339
GPNMB							343
ZBTB44							354
RRAS2							355
MXD3							361
HOXA9							364
TUBG1							374
CRLS1							375
ELMO2							380
MAML2							382
PAPPA2							385
CITED1							397
ACACA							410
ZBTB7A							412
AGO1							413
BATF3							423
FRMD5							425
ENDOV							428
AAMP							432
NELFA							433
DFFB							435
NBN							458
PRKAR1B							467
NUAK2							471
ACVR1B							501
SATB1							558
CDK20							575
HOXC8							593
LMO4							616
GSTM2							633
SPDYA							636
CCNB3							638
CCP110							639
STK35							642
DVL1							659
RASL12							667
MAP2K3							672
CTBP2							678
KPNA1							682
SHMT2							683
CTCF							686
RHEBL1							699
KPNA6							707
GSTM3							710
RPAP3							715
RAB13							716
CDK2AP2							717
PSMB4							727
UBE2D3							728
FBXO30							731
PARD3							733
HIVEP2							738
MRI1							742
NFYA							750
BTF3							761
RBBP7							767
ASF1A							770
SASH3							771
AR							772
UHMK1							778
CDK2AP1							789
BUD13							799
ARL4A							804
TRAP1							806
BRAP							807
HECW1							816
RNF5							818
SEMA6D							821
FOXH1							823
NDOR1							824
NRAS							826
UBE2Z							842
CDC34							848
NUP54							850
STAMBPL1							852
HOXD13							862
TBCC							868
HIST1H2BK							871
MIER1							875
ARSF							878
MYT1							879
HSP90B1							886
ETV1							888
RHOD							895
UBD							897
HOMEZ							907
ARL8B							922
PARP10							923
ING2							925
MINA							928
ITFG1							929
SS18							930
TTC3							936
RAB3B							941
APOBEC2							946
PPA1							951
USF2							952
PXDN							953
ZCCHC7							954
PAWR							959
MYCBP2							962
ZNF44							965
RPL41							968
CDC42EP4							969
GNB3							970
EIF3J							977
TSSK1B							978
RNF130							979
WDR13							985
STYXL1							987
TTPAL							988
KATNB1							990
PREX2							991
IFT27							993
RRH							995
